Prediction,Actual,Difference
4.83730158730159,5,-0.162698412698411
4.84850793650794,5,-0.151492063492063
4.21298095238095,5,-0.787019047619046
4.75261111111111,5,-0.247388888888888
4.87649047619048,5,-0.123509523809523
4.7446873015873,5,-0.255312698412697
4.92787301587301,5,-0.0721269841269851
3.2199,3,0.219900000000002
3.0444873015873,3,0.0444873015873029
2.77691428571429,3,-0.223085714285714
3.76314126984127,3,0.763141269841271
2.07886666666667,3,-0.921133333333334
3.08639523809524,3,0.0863952380952373
3.08115079365079,3,0.0811507936507918
4.75588253968254,3,1.75588253968254
4.02643492063492,3,1.02643492063492
4.50483015873016,3,1.50483015873016
3.96473650793651,3,0.964736507936507
4.22067301587301,3,1.22067301587301
4.08087936507937,3,1.08087936507937
3.42468571428571,3,0.424685714285714
4.07853492063492,3,1.07853492063492
4.03816031746032,3,1.03816031746032
4.91435714285714,5,-0.0856428571428571
3.73889523809524,5,-1.26110476190476
3.95520952380952,5,-1.04479047619048
4.21535555555556,5,-0.784644444444445
4.63103492063492,5,-0.368965079365078
4.82372698412698,5,-0.176273015873015
4.55487619047619,5,-0.445123809523809
4.85050634920635,5,-0.149493650793651
4.98217142857143,5,-0.0178285714285709
4.99666666666667,5,-0.00333333333333297
4.57093968253968,5,-0.429060317460317
4.8982,5,-0.1018
4.83546984126984,5,-0.164530158730158
4.91827301587302,5,-0.0817269841269832
4.91834920634921,5,-0.0816507936507938
4.92892063492063,5,-0.0710793650793651
4.82853650793651,5,-0.171463492063491
4.93325396825397,5,-0.0667460317460309
4.95108571428571,5,-0.048914285714285
4.87435555555556,5,-0.125644444444444
4.95991111111111,5,-0.0400888888888877
4.924,5,-0.0759999999999978
4.9436,5,-0.0563999999999991
4.80662857142857,5,-0.193371428571427
4.91374285714286,5,-0.0862571428571419
4.9094380952381,5,-0.0905619047619028
4.90355873015873,5,-0.0964412698412689
4.59573492063492,5,-0.40426507936508
4.90375238095238,5,-0.0962476190476185
4.96466031746032,5,-0.0353396825396812
4.9912,5,-0.00879999999999903
4.98436825396826,5,-0.0156317460317448
4.46273650793651,5,-0.537263492063492
4.63653333333333,5,-0.363466666666667
4.41921428571429,5,-0.580785714285714
4.88193015873016,5,-0.118069841269841
4.86051428571428,5,-0.139485714285716
4.83965714285714,5,-0.160342857142859
4.85271428571429,5,-0.147285714285714
2.87961746031746,5,-2.12038253968254
4.38168412698413,5,-0.618315873015873
4.62431746031746,5,-0.375682539682538
4.91146349206349,5,-0.0885365079365075
4.77022857142857,5,-0.229771428571428
4.85106031746032,5,-0.148939682539683
4.30946507936508,5,-0.69053492063492
4.89668888888889,5,-0.103311111111109
4.9334,5,-0.0665999999999984
4.93473333333334,5,-0.0652666666666644
4.84620952380952,5,-0.153790476190475
3.88747619047619,5,-1.11252380952381
4.91627777777778,5,-0.0837222222222218
4.93896190476191,5,-0.0610380952380947
4.9896,5,-0.0103999999999997
4.95738095238095,5,-0.0426190476190467
4.96486666666667,5,-0.0351333333333326
4.981,5,-0.0189999999999992
4.01977936507937,4,0.0197793650793656
4.37435396825397,4,0.374353968253969
4.34096507936508,4,0.34096507936508
4.35028412698412,4,0.350284126984125
4.15721587301587,4,0.157215873015875
4.62768888888889,4,0.627688888888889
4.65042698412699,4,0.650426984126987
4.59437301587302,4,0.594373015873017
3.98872857142857,4,-0.0112714285714293
3.44627936507936,4,-0.553720634920635
3.82020952380952,4,-0.179790476190478
2.20170317460317,2,0.201703174603173
2.45108095238095,2,0.451080952380953
2.26617936507937,2,0.266179365079365
3.46572380952381,2,1.46572380952381
2.15933015873016,2,0.159330158730159
2.94356507936508,2,0.943565079365081
4.81969047619048,5,-0.180309523809523
4.96005555555556,5,-0.0399444444444441
4.74732698412699,5,-0.252673015873015
4.6836,5,-0.316399999999999
4.94422222222222,5,-0.0557777777777764
4.90453492063492,5,-0.0954650793650789
4.9316746031746,5,-0.0683253968253954
1.43361111111111,1,0.433611111111111
1.74717777777778,1,0.747177777777778
1.56574761904762,1,0.565747619047618
2.06297777777778,1,1.06297777777778
2.16692222222222,1,1.16692222222222
3.6158,1,2.6158
4.81737936507936,5,-0.182620634920635
4.45697619047619,5,-0.543023809523811
3.81077301587301,5,-1.18922698412699
4.79645396825397,5,-0.20354603174603
4.61544126984127,5,-0.384558730158729
3.55185714285714,5,-1.44814285714286
3.13615555555555,4,-0.863844444444445
2.84430158730159,4,-1.15569841269841
3.15284920634921,4,-0.847150793650793
3.58658888888889,4,-0.413411111111111
3.96503492063492,4,-0.03496507936508
3.86669523809524,4,-0.133304761904761
3.51511746031746,4,-0.484882539682538
3.15785079365079,4,-0.842149206349207
3.68509682539683,4,-0.314903174603175
2.98471587301587,4,-1.01528412698413
3.4071,4,-0.592900000000002
3.16518412698413,3,0.165184126984126
2.22897936507936,3,-0.771020634920636
3.27929682539682,3,0.279296825396825
2.54807619047619,3,-0.451923809523809
3.26941428571428,3,0.269414285714285
2.65947301587301,3,-0.340526984126986
2.04133174603175,3,-0.958668253968253
2.76593333333333,3,-0.234066666666666
2.84520317460318,3,-0.154796825396825
2.84652222222222,3,-0.153477777777777
3.56196825396825,3,0.561968253968254
2.91083015873016,3,-0.0891698412698427
4.20957301587301,3,1.20957301587301
3.44267936507936,3,0.442679365079365
3.18144126984127,3,0.181441269841268
2.50841904761905,3,-0.491580952380954
2.95299682539682,3,-0.0470031746031769
2.11766190476191,3,-0.882338095238095
4.0836746031746,3,1.0836746031746
4.85556349206349,5,-0.144436507936508
4.84760158730159,5,-0.152398412698411
4.72610476190476,5,-0.273895238095237
4.16312698412699,5,-0.836873015873015
4.45646190476191,5,-0.543538095238095
4.81036666666667,5,-0.189633333333331
3.92991428571429,4,-0.0700857142857148
2.95424285714286,4,-1.04575714285714
4.14618888888889,4,0.14618888888889
3.6543126984127,4,-0.3456873015873
3.86538888888889,4,-0.134611111111111
4.12035396825397,4,0.120353968253968
2.82431587301587,4,-1.17568412698413
3.45563492063492,4,-0.54436507936508
3.74848571428571,4,-0.251514285714286
4.08824444444444,4,0.0882444444444443
4.11678888888889,3,1.11678888888889
3.22078253968254,3,0.220782539682539
3.51795396825397,3,0.51795396825397
3.01781904761905,3,0.0178190476190485
3.90112380952381,3,0.901123809523808
3.78498571428571,3,0.784985714285713
3.9962873015873,3,0.996287301587298
3.34373968253968,3,0.343739682539682
3.27879523809524,3,0.278795238095238
3.42680952380952,3,0.426809523809522
3.22890476190476,3,0.228904761904762
2.16194126984127,3,-0.83805873015873
1.9751,3,-1.0249
2.83106031746032,4,-1.16893968253968
4.36140952380952,4,0.361409523809525
3.64056349206349,4,-0.359436507936508
3.65317619047619,4,-0.346823809523811
3.79909523809524,4,-0.200904761904763
3.71871428571428,5,-1.28128571428572
4.64938571428571,5,-0.350614285714287
4.6731380952381,5,-0.326861904761903
4.12000317460317,5,-0.879996825396828
4.37266507936508,5,-0.627334920634919
4.30883174603175,5,-0.691168253968254
4.10366507936508,5,-0.896334920634921
4.32744603174603,5,-0.672553968253967
4.28055238095238,5,-0.719447619047619
4.15674126984127,5,-0.84325873015873
4.01976666666667,5,-0.980233333333333
3.59264285714286,5,-1.40735714285714
4.53032063492064,5,-0.469679365079362
4.75063333333333,5,-0.249366666666666
4.50280793650794,5,-0.497192063492063
4.73328571428571,5,-0.266714285714285
4.81581746031746,5,-0.184182539682539
4.80211428571429,5,-0.197885714285714
4.66820634920635,5,-0.331793650793651
4.39385396825397,5,-0.606146031746031
4.20561428571428,5,-0.794385714285715
3.51166666666667,3,0.511666666666668
4.05969523809524,3,1.05969523809524
4.36627619047619,3,1.36627619047619
4.35650634920635,3,1.35650634920635
2.85206984126984,3,-0.14793015873016
3.64644603174603,3,0.646446031746033
3.75791904761905,3,0.757919047619047
3.63530793650794,3,0.635307936507937
2.58137142857143,3,-0.418628571428572
2.27007142857143,3,-0.72992857142857
3.80012380952381,5,-1.19987619047619
4.46666984126984,5,-0.533330158730157
4.88575079365079,5,-0.114249206349206
4.63345396825397,5,-0.366546031746031
4.57386666666667,5,-0.426133333333332
4.29368253968254,5,-0.706317460317459
4.61219682539683,5,-0.387803174603174
4.55553015873016,5,-0.444469841269841
4.24651904761905,3,1.24651904761905
3.57852380952381,3,0.578523809523808
3.86678095238095,3,0.866780952380953
3.43702063492064,3,0.437020634920636
3.11768888888889,3,0.117688888888889
4.13734920634921,3,1.13734920634921
3.09404126984127,3,0.0940412698412709
3.39086031746032,3,0.390860317460318
3.61347301587302,3,0.613473015873017
3.46383650793651,3,0.463836507936508
3.22192698412698,3,0.221926984126984
3.75014285714286,3,0.750142857142857
1.83739206349206,1,0.837392063492064
1.60418888888889,1,0.604188888888889
2.33945238095238,1,1.33945238095238
1.46644761904762,1,0.466447619047619
1.56495238095238,1,0.56495238095238
1.52304444444444,1,0.523044444444444
3.2879746031746,1,2.2879746031746
3.0593619047619,1,2.0593619047619
1.72492380952381,1,0.72492380952381
1.60698095238095,1,0.606980952380952
1.85309841269841,1,0.853098412698412
1.55096825396825,1,0.550968253968253
2.41461111111111,1,1.41461111111111
3.36712539682539,1,2.36712539682539
3.11676825396825,2,1.11676825396825
2.63308888888889,2,0.633088888888888
2.18338571428571,2,0.183385714285714
2.21299365079365,2,0.212993650793651
1.97525396825397,2,-0.0247460317460315
3.10989523809524,2,1.10989523809524
2.3328,2,0.3328
2.59626825396825,2,0.596268253968253
2.15387301587302,2,0.153873015873017
2.91236984126984,3,-0.0876301587301578
2.93052380952381,3,-0.0694761904761907
3.01256190476191,3,0.0125619047619052
2.85610634920635,3,-0.14389365079365
3.64883809523809,3,0.648838095238095
3.44066666666666,3,0.440666666666665
3.43478412698412,3,0.434784126984124
3.33809523809524,3,0.338095238095238
3.27290158730159,3,0.272901587301586
4.65200793650794,5,-0.347992063492062
4.51495238095238,5,-0.485047619047618
4.29197142857143,5,-0.70802857142857
4.42242063492063,5,-0.577579365079365
4.31944761904762,5,-0.680552380952381
4.45291111111111,5,-0.547088888888889
4.60300634920635,5,-0.396993650793652
3.86357777777778,5,-1.13642222222222
4.63657777777778,5,-0.363422222222222
4.32215079365079,5,-0.677849206349206
1.65045396825397,1,0.650453968253968
1.52705238095238,1,0.527052380952381
2.08011746031746,1,1.08011746031746
1.71032857142857,1,0.710328571428571
1.98280634920635,1,0.982806349206349
1.67347619047619,1,0.67347619047619
2.0780746031746,1,1.0780746031746
2.13696507936508,1,1.13696507936508
3.18637936507936,1,2.18637936507936
2.41673174603175,1,1.41673174603175
2.83304603174603,3,-0.166953968253968
2.70818571428571,3,-0.291814285714286
3.45009523809524,3,0.450095238095237
3.14396507936508,3,0.14396507936508
2.99436031746032,3,-0.00563968253968294
2.83359682539683,3,-0.166403174603173
2.40514285714286,3,-0.594857142857143
2.33485714285714,3,-0.665142857142857
3.54123492063492,4,-0.458765079365078
3.88804920634921,4,-0.111950793650794
3.73267142857143,4,-0.26732857142857
3.78062222222222,4,-0.219377777777778
4.04866349206349,4,0.0486634920634916
3.87615396825397,4,-0.123846031746032
3.91443015873016,4,-0.0855698412698418
3.76207936507936,4,-0.237920634920636
3.88618412698413,4,-0.113815873015874
3.41555238095238,4,-0.584447619047622
4.43223650793651,5,-0.567763492063492
4.50323015873016,5,-0.496769841269842
4.38030476190476,5,-0.61969523809524
4.61651904761905,5,-0.383480952380951
4.24714126984127,5,-0.752858730158728
4.01621587301587,5,-0.983784126984126
4.12864285714286,5,-0.871357142857144
4.03304761904762,5,-0.966952380952383
2.88035714285714,3,-0.119642857142856
2.45422380952381,3,-0.545776190476191
3.57961904761905,3,0.579619047619047
2.87712698412698,3,-0.122873015873015
3.73012063492064,3,0.730120634920636
4.15938253968254,5,-0.84061746031746
4.12029206349206,5,-0.879707936507936
4.72820793650794,5,-0.271792063492063
4.35641428571429,5,-0.643585714285714
4.81327301587302,5,-0.186726984126984
4.6206126984127,5,-0.379387301587301
4.62040952380952,5,-0.379590476190477
3.36788095238095,3,0.367880952380952
3.74610476190476,3,0.746104761904761
3.36173492063492,3,0.361734920634921
3.46763809523809,3,0.467638095238094
3.3388746031746,3,0.338874603174603
3.24660634920635,3,0.246606349206348
2.86863968253968,3,-0.131360317460319
2.8456619047619,3,-0.154338095238096
3.18029047619048,3,0.180290476190478
2.98417777777778,3,-0.015822222222222
3.30835873015873,3,0.308358730158729
3.28088095238095,3,0.28088095238095
2.84029206349206,2,0.840292063492064
2.02969365079365,2,0.0296936507936496
3.94439841269841,2,1.94439841269841
1.85767142857143,2,-0.14232857142857
2.5947126984127,2,0.594712698412699
2.22089841269841,2,0.220898412698412
1.95826984126984,2,-0.0417301587301582
2.40104126984127,2,0.40104126984127
4.17017936507937,5,-0.829820634920634
4.63890952380952,5,-0.361090476190476
4.70342222222222,5,-0.296577777777779
4.51892222222222,5,-0.481077777777776
4.63916031746032,5,-0.360839682539681
3.80701904761905,5,-1.19298095238095
4.21043968253968,5,-0.789560317460318
4.65874285714286,5,-0.341257142857139
4.65569682539683,5,-0.344303174603175
4.33498571428571,5,-0.665014285714286
4.82420158730159,5,-0.17579841269841
3.46260476190476,1,2.46260476190476
2.90953333333333,1,1.90953333333333
1.36284920634921,1,0.362849206349207
2.10072063492063,1,1.10072063492063
4.29129682539683,5,-0.708703174603174
4.33764126984127,5,-0.662358730158731
4.46044920634921,5,-0.539550793650794
4.54786507936508,5,-0.452134920634921
4.40702063492063,5,-0.592979365079366
4.45705555555556,5,-0.542944444444444
4.5053253968254,5,-0.494674603174602
4.42456507936508,5,-0.575434920634918
4.34056825396825,5,-0.659431746031746
3.43168253968254,3,0.431682539682541
3.35045238095238,3,0.350452380952381
3.34563015873016,3,0.345630158730159
3.18577777777778,3,0.18577777777778
3.09103116883117,3,0.0910311688311696
3.48500158730159,3,0.485001587301591
3.09393650793651,3,0.0939365079365087
3.2706391053391,3,0.270639105339105
3.30109047619047,3,0.301090476190477
3.29281746031746,3,0.29281746031746
3.00908095238095,3,0.00908095238095452
3.15309365079365,3,0.153093650793652
3.26503968253968,3,0.265039682539683
3.14574603174603,3,0.145746031746034
3.16145714285714,3,0.161457142857144
3.18758888888889,3,0.187588888888889
3.45274761904762,3,0.452747619047619
2.93556666666667,3,-0.0644333333333327
3.26503968253968,3,0.265039682539683
3.16145714285714,3,0.161457142857144
3.23596349206349,3,0.235963492063491
3.16763650793651,3,0.167636507936507
2.11791111111111,1,1.11791111111111
1.33837301587302,1,0.338373015873016
1.54110793650794,1,0.541107936507936
2.20504920634921,1,1.20504920634921
1.22500793650794,1,0.225007936507936
2.11791111111111,1,1.11791111111111
1.30534603174603,1,0.305346031746031
1.54110793650794,1,0.541107936507936
1.50411904761905,1,0.504119047619048
3.86371111111111,5,-1.13628888888889
4.22371587301587,5,-0.776284126984126
4.43487301587301,5,-0.565126984126985
4.05637301587302,5,-0.943626984126984
4.27766031746032,5,-0.722339682539682
2.74706825396825,1,1.74706825396825
2.25797142857143,1,1.25797142857143
2.23019841269841,1,1.23019841269841
2.69493968253968,1,1.69493968253968
2.27758571428571,1,1.27758571428571
2.79339206349206,1,1.79339206349206
2.08266349206349,1,1.08266349206349
2.20876984126984,1,1.20876984126984
2.31726507936508,2,0.317265079365081
2.10926984126984,2,0.109269841269841
2.28102222222222,2,0.281022222222223
2.46292857142857,2,0.462928571428572
2.46904761904762,2,0.469047619047619
2.6058873015873,2,0.605887301587303
2.28547142857143,2,0.285471428571428
3.20024126984127,2,1.20024126984127
4.37045714285714,5,-0.629542857142857
4.55424920634921,5,-0.445750793650793
4.68370793650794,5,-0.316292063492063
4.53686666666667,5,-0.463133333333333
3.61253333333333,5,-1.38746666666667
3.99597619047619,5,-1.00402380952381
4.17321428571428,5,-0.826785714285716
4.08506031746032,5,-0.914939682539681
4.51990476190476,5,-0.480095238095235
4.61010317460318,5,-0.389896825396825
4.64311904761905,5,-0.356880952380954
4.67001746031746,5,-0.329982539682539
2.84389047619048,4,-1.15610952380952
3.31945396825397,4,-0.680546031746032
3.35681904761905,4,-0.643180952380953
3.58184126984127,4,-0.41815873015873
3.60565714285714,4,-0.394342857142857
4.24518253968254,4,0.245182539682539
4.04937301587302,4,0.049373015873015
3.86840158730159,4,-0.131598412698412
4.0130126984127,4,0.0130126984126999
4.20311587301588,4,0.203115873015875
4.28408253968254,4,0.28408253968254
4.08257619047619,4,0.0825761904761881
3.81763015873016,4,-0.182369841269842
3.11532539682539,4,-0.884674603174606
3.46608095238095,4,-0.533919047619048
3.51142063492064,4,-0.488579365079365
3.82680952380952,4,-0.173190476190476
3.83650952380952,4,-0.163490476190476
3.75004603174603,4,-0.249953968253966
2.93291111111111,2,0.932911111111112
2.56974444444444,2,0.569744444444443
3.58284603174603,2,1.58284603174603
2.60004285714286,2,0.600042857142856
2.97106666666667,2,0.971066666666666
2.46344920634921,2,0.463449206349206
3.12878253968254,2,1.12878253968254
2.24063650793651,2,0.240636507936507
2.39464126984127,2,0.39464126984127
2.70426984126984,2,0.70426984126984
2.61056666666667,2,0.610566666666665
2.52415079365079,2,0.524150793650792
3.04486507936508,2,1.04486507936508
2.85188095238095,2,0.851880952380951
2.70773174603175,2,0.707731746031746
3.32432222222222,2,1.32432222222222
3.64747142857143,2,1.64747142857143
3.73794126984127,2,1.73794126984127
3.52169047619048,2,1.52169047619048
3.39136825396825,2,1.39136825396825
2.52637301587302,2,0.526373015873015
2.42554444444444,2,0.425544444444444
2.69354285714286,2,0.693542857142856
2.48905714285714,2,0.489057142857142
3.21344761904762,2,1.21344761904762
3.39613650793651,2,1.39613650793651
3.57708253968254,2,1.57708253968254
3.62916031746032,2,1.62916031746032
3.7304,2,1.7304
3.28721587301587,2,1.28721587301587
4.37658571428571,5,-0.623414285714286
4.35956349206349,5,-0.640436507936507
4.46985396825397,5,-0.530146031746031
4.77340793650794,5,-0.226592063492064
4.79553015873016,5,-0.204469841269841
4.76418571428571,5,-0.235814285714286
4.21059523809524,5,-0.789404761904762
4.34979047619048,5,-0.650209523809525
3.99000634920635,5,-1.00999365079365
4.6721253968254,5,-0.327874603174601
4.63539365079365,5,-0.364606349206346
4.64025714285714,5,-0.359742857142856
4.19339206349206,5,-0.806607936507937
4.1124619047619,5,-0.887538095238096
3.6186746031746,5,-1.3813253968254
4.24096984126984,5,-0.759030158730157
4.19629841269841,5,-0.803701587301589
4.59101111111111,5,-0.408988888888889
4.13817301587302,5,-0.861826984126983
4.43049841269841,5,-0.569501587301587
4.32093968253968,5,-0.679060317460317
4.59160476190476,5,-0.40839523809524
4.44565873015873,5,-0.554341269841269
4.60712698412698,5,-0.392873015873017
3.76390793650793,5,-1.23609206349207
2.1649126984127,3,-0.835087301587302
2.77817777777778,3,-0.221822222222222
2.46277619047619,3,-0.537223809523808
2.79070793650794,3,-0.209292063492062
2.58341746031746,3,-0.416582539682539
2.65182698412699,3,-0.348173015873015
3.39123968253968,3,0.391239682539683
2.46345079365079,3,-0.536549206349207
2.32535555555556,3,-0.674644444444444
3.02916190476191,3,0.0291619047619061
2.14643015873016,3,-0.853569841269841
1.60809841269841,2,-0.391901587301588
1.87490317460317,2,-0.125096825396826
1.64874285714286,2,-0.351257142857143
1.70217619047619,2,-0.297823809523811
1.59706507936508,2,-0.402934920634922
1.57104920634921,2,-0.428950793650793
1.90440317460317,2,-0.0955968253968253
1.70551904761905,2,-0.294480952380953
1.89737142857143,2,-0.102628571428571
2.04038412698413,2,0.0403841269841267
3.6791126984127,2,1.6791126984127
2.10276190476191,2,0.102761904761905
2.38645079365079,2,0.386450793650793
1.94908253968254,2,-0.0509174603174594
2.12004761904762,2,0.120047619047618
3.36027561327561,2,1.36027561327561
3.35568253968254,4,-0.644317460317461
3.12804285714286,4,-0.871957142857141
4.63406666666667,4,0.634066666666667
3.52861904761905,4,-0.471380952380952
3.79542698412698,4,-0.204573015873017
3.85614444444444,4,-0.143855555555555
3.83472380952381,4,-0.16527619047619
2.38988888888889,4,-1.61011111111111
2.64283650793651,3,-0.357163492063493
2.41353174603175,3,-0.586468253968254
3.36378888888889,3,0.36378888888889
2.6782253968254,3,-0.321774603174602
2.53303968253968,3,-0.466960317460317
1.71864761904762,3,-1.28135238095238
2.1166253968254,3,-0.883374603174602
2.77517301587302,3,-0.224826984126985
2.44262380952381,3,-0.55737619047619
3.15673968253968,3,0.156739682539682
2.19750158730159,2,0.197501587301587
2.60875714285714,2,0.608757142857143
2.33561428571428,2,0.335614285714285
1.96460952380952,2,-0.0353904761904764
1.85502698412698,2,-0.144973015873016
2.02632222222222,2,0.0263222222222219
4.32566825396826,2,2.32566825396826
1.50862380952381,2,-0.491376190476191
1.97501587301587,2,-0.024984126984126
2.63361746031746,2,0.63361746031746
1.77519206349206,1,0.775192063492065
1.62843968253968,1,0.628439682539682
1.64675873015873,1,0.64675873015873
1.3686126984127,1,0.368612698412698
1.47418253968254,1,0.47418253968254
1.45526349206349,1,0.455263492063492
1.63130634920635,1,0.631306349206349
1.60805079365079,1,0.608050793650794
1.55392222222222,1,0.553922222222223
1.82363650793651,1,0.823636507936508
1.36735079365079,1,0.367350793650794
2.46392698412699,1,1.46392698412699
4.16214761904762,4,0.162147619047619
4.27376825396825,4,0.273768253968255
4.38661904761905,4,0.386619047619047
4.17650158730159,4,0.176501587301585
4.25497777777778,4,0.254977777777778
4.08939841269842,4,0.0893984126984151
4.0189873015873,4,0.0189873015873001
1.67203174603175,1,0.672031746031746
3.00667936507936,1,2.00667936507936
1.71700317460317,1,0.717003174603175
2.28712380952381,1,1.28712380952381
1.97944761904762,1,0.979447619047619
2.30383968253968,1,1.30383968253968
1.78546825396825,1,0.785468253968254
2.10700158730159,1,1.10700158730159
3.78219365079365,1,2.78219365079365
4.19856190476191,5,-0.801438095238093
4.60902857142857,5,-0.39097142857143
4.2618873015873,5,-0.738112698412698
4.67614920634921,5,-0.323850793650793
4.34609523809524,5,-0.653904761904762
4.62796984126984,5,-0.372030158730159
4.43858888888889,5,-0.561411111111111
4.72775238095238,5,-0.272247619047621
4.57805396825397,5,-0.421946031746033
4.8205253968254,5,-0.179474603174604
4.53772063492063,5,-0.462279365079366
4.29317301587302,5,-0.706826984126984
4.69908888888889,5,-0.300911111111112
4.37707619047619,5,-0.62292380952381
4.33761746031746,5,-0.662382539682539
4.15357142857143,5,-0.846428571428573
4.36192063492063,4,0.361920634920633
3.80173015873016,4,-0.198269841269842
2.74334444444444,4,-1.25665555555556
4.06439365079365,4,0.0643936507936509
2.35300317460318,5,-2.64699682539682
4.38463492063492,5,-0.61536507936508
4.45626349206349,5,-0.543736507936509
3.80248253968254,5,-1.19751746031746
3.92428412698413,5,-1.07571587301587
1.68716984126984,3,-1.31283015873016
2.25728412698413,3,-0.742715873015872
1.7872253968254,3,-1.2127746031746
1.62444761904762,3,-1.37555238095238
1.80876984126984,3,-1.19123015873016
2.68298095238095,3,-0.317019047619049
1.36810634920635,1,0.36810634920635
1.65464444444444,1,0.654644444444444
1.73841428571429,1,0.738414285714285
1.81455238095238,1,0.814552380952381
1.89142222222222,1,0.891422222222223
2.04376507936508,1,1.04376507936508
2.07951428571429,1,1.07951428571429
4.05811587301587,1,3.05811587301587
3.88007301587302,5,-1.11992698412698
3.54744126984127,5,-1.45255873015873
4.48495873015873,5,-0.515041269841269
2.65431746031746,5,-2.34568253968254
2.25203968253968,3,-0.747960317460318
2.43953015873016,3,-0.560469841269841
2.85803650793651,3,-0.141963492063494
2.36763492063492,3,-0.63236507936508
2.4258,3,-0.5742
1.58606984126984,1,0.586069841269841
1.73144444444444,1,0.731444444444444
1.25765714285714,1,0.257657142857143
2.74433492063492,1,1.74433492063492
1.3998873015873,1,0.399887301587302
1.51820793650794,1,0.518207936507936
2.02471746031746,1,1.02471746031746
4.41856349206349,5,-0.581436507936507
4.41051904761905,5,-0.589480952380955
4.60439841269841,5,-0.395601587301587
4.80717777777778,5,-0.192822222222223
4.55690476190476,5,-0.443095238095238
4.56872063492064,5,-0.431279365079364
3.79761428571428,3,0.797614285714285
1.9813873015873,3,-1.0186126984127
2.83665555555556,3,-0.163344444444445
1.54460952380952,1,0.544609523809524
1.27086031746032,1,0.270860317460318
2.76393650793651,1,1.76393650793651
2.54452380952381,1,1.54452380952381
2.06756666666667,1,1.06756666666667
3.75054285714286,4,-0.249457142857144
3.67221111111111,4,-0.327788888888888
3.7078873015873,4,-0.292112698412698
3.82195555555556,4,-0.178044444444444
4.13790317460317,4,0.137903174603173
4.38646666666667,4,0.386466666666666
3.25503492063492,4,-0.744965079365081
2.59606984126984,4,-1.40393015873016
3.04531904761905,4,-0.954680952380952
3.07274603174603,4,-0.927253968253966
3.71653650793651,4,-0.283463492063493
3.0123746031746,4,-0.987625396825397
4.21156190476191,5,-0.788438095238094
3.80659682539683,5,-1.19340317460317
4.25918571428571,5,-0.740814285714285
4.52013492063492,5,-0.479865079365077
4.38227936507936,5,-0.617720634920635
3.32248253968254,2,1.32248253968254
3.02556984126984,2,1.02556984126984
3.34805396825397,2,1.34805396825397
2.43214603174603,2,0.432146031746034
2.50929682539683,2,0.509296825396825
4.07243492063492,4,0.0724349206349206
4.0792873015873,4,0.0792873015873026
4.00135079365079,4,0.00135079365079438
4.08432857142857,4,0.0843285714285722
3.94100952380952,4,-0.0589904761904769
4.01979523809524,4,0.0197952380952371
3.88097777777778,4,-0.119022222222223
3.11548412698412,2,1.11548412698412
2.54972063492063,2,0.549720634920634
2.80919523809524,2,0.809195238095238
2.86678253968254,2,0.866782539682538
2.5197,2,0.5197
2.56886984126984,2,0.568869841269842
2.78982063492064,2,0.789820634920636
3.03066349206349,2,1.03066349206349
4.3325,5,-0.667499999999999
4.61282222222222,5,-0.387177777777779
4.07229682539682,5,-0.927703174603176
4.61520317460317,5,-0.384796825396826
4.00728412698413,4,0.0072841269841275
3.88118095238095,4,-0.118819047619047
3.73924126984127,4,-0.26075873015873
3.27948571428571,4,-0.720514285714289
3.61123333333333,4,-0.388766666666667
3.20160634920635,4,-0.79839365079365
3.57395714285714,4,-0.426042857142857
2.72937777777778,1,1.72937777777778
3.08335555555556,1,2.08335555555556
3.76126825396825,1,2.76126825396825
2.84754126984127,1,1.84754126984127
1.97354444444444,1,0.973544444444445
2.01451587301587,1,1.01451587301587
1.94130476190476,1,0.941304761904762
2.4033746031746,1,1.4033746031746
1.68341111111111,1,0.683411111111111
1.24917777777778,1,0.249177777777777
1.45617301587302,1,0.456173015873016
2.05252857142857,1,1.05252857142857
2.2346126984127,1,1.2346126984127
4.32698412698413,5,-0.673015873015874
4.00706825396825,5,-0.992931746031746
3.80773809523809,5,-1.19226190476191
4.21861904761905,5,-0.781380952380952
3.95155396825397,5,-1.04844603174603
3.91803968253968,5,-1.08196031746032
3.1540380952381,5,-1.8459619047619
4.80074285714286,5,-0.199257142857142
3.27800634920635,4,-0.72199365079365
3.44600476190476,4,-0.553995238095237
4.13027936507936,4,0.130279365079363
4.54721111111111,4,0.54721111111111
4.33223015873016,4,0.33223015873016
4.35635396825397,4,0.356353968253969
4.02526825396825,4,0.0252682539682523
4.14945873015873,4,0.14945873015873
4.31356666666666,4,0.313566666666665
4.27394444444444,4,0.273944444444444
3.69369682539683,4,-0.306303174603173
3.5126,4,-0.487399999999999
3.68211904761905,4,-0.317880952380954
3.76769365079365,4,-0.23230634920635
4.55358253968254,5,-0.446417460317459
4.57849206349206,5,-0.421507936507935
4.75522222222222,5,-0.244777777777776
4.61896984126984,5,-0.381030158730159
2.89212063492064,3,-0.107879365079363
1.92536666666667,3,-1.07463333333333
1.93364603174603,3,-1.06635396825397
2.34639365079365,3,-0.65360634920635
2.05077301587302,3,-0.949226984126984
2.29486984126984,3,-0.705130158730161
1.71208253968254,3,-1.28791746031746
2.36555079365079,3,-0.634449206349208
2.29246349206349,3,-0.707536507936508
2.21654920634921,3,-0.783450793650794
1.83597619047619,1,0.835976190476191
1.78805714285714,1,0.788057142857143
3.51058571428572,1,2.51058571428572
2.68100317460318,1,1.68100317460318
1.77276031746032,1,0.772760317460317
1.50022222222222,1,0.500222222222222
1.75504603174603,1,0.755046031746032
1.72474603174603,1,0.724746031746031
1.14444761904762,1,0.144447619047619
1.2248126984127,1,0.224812698412699
1.64420952380952,1,0.644209523809524
1.89123492063492,1,0.891234920634921
3.59791428571429,1,2.59791428571429
1.79130952380952,1,0.791309523809524
2.69492698412698,1,1.69492698412698
2.62691111111111,1,1.62691111111111
2.07015238095238,1,1.07015238095238
1.80469365079365,1,0.80469365079365
1.37589841269841,1,0.375898412698413
1.56033492063492,1,0.560334920634921
1.78021904761905,1,0.780219047619047
1.73069047619048,1,0.730690476190477
2.63460634920635,1,1.63460634920635
1.7273253968254,1,0.727325396825396
1.83816666666667,1,0.838166666666666
3.91026825396825,5,-1.08973174603175
3.97244603174603,5,-1.02755396825397
4.25260793650794,5,-0.747392063492065
3.75446984126984,5,-1.24553015873016
4.22794603174603,5,-0.772053968253968
4.55484285714286,5,-0.445157142857141
4.58256666666667,5,-0.417433333333332
4.55350476190476,5,-0.446495238095239
2.72383492063492,3,-0.27616507936508
3.29400793650794,3,0.294007936507937
3.18952380952381,3,0.18952380952381
3.22281111111111,3,0.222811111111111
3.05475079365079,3,0.0547507936507934
3.98343492063492,5,-1.01656507936508
4.0004380952381,5,-0.999561904761904
4.22848095238095,5,-0.771519047619048
3.87549365079365,5,-1.12450634920635
3.80606349206349,5,-1.19393650793651
4.00154603174603,5,-0.998453968253966
4.23670634920635,5,-0.76329365079365
4.15223015873016,5,-0.847769841269841
4.1953619047619,5,-0.804638095238095
3.50850634920635,4,-0.491493650793653
3.74058888888889,4,-0.259411111111108
4.21380476190476,4,0.213804761904761
4.04239365079365,4,0.0423936507936507
3.8506253968254,4,-0.149374603174604
3.79167619047619,4,-0.208323809523808
3.96254444444444,4,-0.0374555555555558
4.04385714285714,4,0.0438571428571448
3.98433015873016,4,-0.0156698412698395
2.38175873015873,2,0.381758730158729
2.94822063492064,2,0.948220634920635
2.1712253968254,2,0.171225396825397
2.40774761904762,2,0.407747619047619
2.69554126984127,2,0.695541269841268
2.86973492063492,2,0.869734920634921
3.34586349206349,2,1.34586349206349
3.63428095238095,2,1.63428095238095
2.55680476190476,2,0.556804761904762
2.46679682539682,2,0.466796825396824
2.14642857142857,2,0.146428571428571
2.98211746031746,2,0.982117460317461
3.0832746031746,2,1.0832746031746
3.2578380952381,2,1.2578380952381
3.60726825396826,4,-0.392731746031745
3.43463333333333,4,-0.565366666666668
3.85921428571429,4,-0.140785714285714
3.95540317460318,4,-0.0445968253968232
3.62604761904762,4,-0.373952380952381
3.3609873015873,4,-0.639012698412698
4.09755714285714,4,0.0975571428571431
4.16171111111111,4,0.161711111111112
4.22032222222222,4,0.220322222222221
4.06516349206349,4,0.0651634920634923
4.23996031746032,4,0.239960317460317
3.00977142857143,2,1.00977142857143
2.62860158730159,2,0.628601587301587
2.29445714285714,2,0.294457142857143
2.33237142857143,2,0.332371428571428
2.73037142857143,2,0.730371428571429
2.34928412698413,2,0.349284126984128
1.91982698412698,2,-0.0801730158730163
3.07389206349206,2,1.07389206349206
2.51923174603175,2,0.519231746031747
2.23913650793651,2,0.239136507936507
2.64298571428571,2,0.642985714285714
4.03848571428571,2,2.03848571428571
3.79220793650794,5,-1.20779206349206
4.25540793650794,5,-0.744592063492062
3.52483333333333,5,-1.47516666666667
3.71376507936508,5,-1.28623492063492
3.95510158730159,5,-1.04489841269841
4.44366349206349,5,-0.556336507936511
4.48651428571429,5,-0.513485714285714
4.62757936507936,5,-0.372420634920636
3.22151111111111,4,-0.778488888888888
3.72661587301587,4,-0.273384126984127
3.44226984126984,4,-0.55773015873016
3.49129206349206,4,-0.508707936507938
3.61080634920635,4,-0.389193650793652
3.66294285714286,4,-0.337057142857145
3.66932857142857,4,-0.330671428571431
3.68477619047619,4,-0.31522380952381
3.9546380952381,4,-0.0453619047619047
3.95794126984127,4,-0.0420587301587307
3.99040317460318,4,-0.00959682539682483
3.83773333333333,4,-0.162266666666667
4.32103650793651,5,-0.67896349206349
2.40240317460317,5,-2.59759682539683
3.05672857142857,5,-1.94327142857143
4.63969682539683,5,-0.360303174603174
3.12184920634921,5,-1.87815079365079
4.68811904761905,5,-0.311880952380951
2.21025714285714,1,1.21025714285714
1.79241746031746,1,0.79241746031746
2.00988888888889,1,1.00988888888889
2.05277777777778,1,1.05277777777778
2.09425873015873,1,1.09425873015873
4.45683968253968,5,-0.543160317460316
4.78752222222222,5,-0.212477777777776
4.66783174603175,5,-0.332168253968254
4.78969841269841,5,-0.210301587301585
4.59948412698413,5,-0.400515873015872
4.77944761904762,5,-0.220552380952381
4.80773968253968,5,-0.192260317460317
2.82552698412698,5,-2.17447301587302
4.45640476190476,5,-0.543595238095238
4.77271587301587,5,-0.227284126984125
4.27283015873016,5,-0.727169841269841
4.49985238095238,5,-0.500147619047619
4.00375873015873,5,-0.996241269841269
3.93259206349206,5,-1.06740793650794
4.71474920634921,5,-0.285250793650794
4.67957619047619,5,-0.320423809523808
4.7424253968254,5,-0.257574603174603
2.67040952380952,3,-0.329590476190477
2.41136984126984,3,-0.588630158730159
2.92984603174603,3,-0.0701539682539689
3.75318253968254,3,0.753182539682539
1.72250793650794,3,-1.27749206349206
2.76093492063492,3,-0.23906507936508
3.61845714285714,3,0.618457142857144
2.35791428571428,3,-0.642085714285716
3.2306126984127,3,0.230612698412698
1.69117301587302,3,-1.30882698412698
1.7953380952381,3,-1.2046619047619
2.16573492063492,3,-0.83426507936508
1.70592222222222,3,-1.29407777777778
2.25886507936508,3,-0.741134920634922
3.69641587301587,3,0.696415873015874
3.04111428571428,3,0.0411142857142841
2.4985619047619,3,-0.501438095238095
2.67175873015873,3,-0.328241269841271
3.35052857142857,3,0.350528571428572
2.34065079365079,3,-0.659349206349206
1.66060158730159,3,-1.33939841269841
1.59463015873016,3,-1.40536984126984
2.38492857142857,3,-0.615071428571427
1.69934285714286,3,-1.30065714285714
2.06855396825397,3,-0.931446031746031
2.39685079365079,3,-0.603149206349206
1.76293650793651,3,-1.23706349206349
1.66164920634921,3,-1.33835079365079
2.44500952380952,3,-0.554990476190476
4.27159365079365,3,1.27159365079365
2.36368571428571,3,-0.636314285714286
1.80639047619048,3,-1.19360952380952
2.02069841269841,3,-0.979301587301587
1.76643174603175,3,-1.23356825396825
1.82533015873016,3,-1.17466984126984
1.6277,3,-1.3723
2.8503873015873,3,-0.149612698412699
1.98898095238095,1,0.988980952380951
1.59703492063492,1,0.59703492063492
1.39190952380952,1,0.391909523809524
1.514,1,0.514
1.78644761904762,1,0.786447619047618
1.43164603174603,1,0.431646031746032
2.04060158730159,1,1.04060158730159
1.87060793650794,1,0.870607936507936
1.79536507936508,1,0.79536507936508
1.24724285714286,1,0.247242857142857
1.52287619047619,1,0.522876190476191
1.55473968253968,1,0.554739682539683
3.49933333333333,1,2.49933333333333
1.86488571428571,1,0.864885714285714
1.91007301587301,1,0.910073015873015
1.87094126984127,1,0.87094126984127
2.7004746031746,1,1.7004746031746
3.03475873015873,1,2.03475873015873
2.19235714285714,1,1.19235714285714
3.27918571428572,1,2.27918571428572
1.76138253968254,1,0.761382539682539
2.08899365079365,1,1.08899365079365
2.21525714285714,1,1.21525714285714
4.11409365079365,5,-0.885906349206349
4.54686507936508,5,-0.45313492063492
3.93683968253968,5,-1.06316031746032
3.90342857142857,5,-1.09657142857143
4.30943333333333,5,-0.690566666666665
4.53096507936508,5,-0.469034920634921
4.59612698412699,5,-0.403873015873015
3.63238412698413,5,-1.36761587301587
3.13745555555556,3,0.137455555555556
3.18116825396825,3,0.181168253968253
3.17156349206349,3,0.171563492063492
3.10202698412698,3,0.102026984126984
2.77868253968254,3,-0.22131746031746
3.27084285714286,3,0.270842857142856
3.51210634920635,3,0.51210634920635
4.13188571428571,3,1.13188571428571
3.92133968253968,3,0.92133968253968
3.9401126984127,4,-0.0598873015873012
3.85948571428571,4,-0.140514285714286
4.04937936507937,4,0.049379365079365
3.78080317460317,4,-0.219196825396826
3.2237873015873,4,-0.776212698412698
3.51234444444445,4,-0.487655555555553
3.53359523809524,4,-0.466404761904763
3.57785873015873,4,-0.422141269841271
2.45455238095238,2,0.454552380952382
2.2387873015873,2,0.238787301587302
3.05980634920635,2,1.05980634920635
2.31946190476191,2,0.319461904761905
2.15493968253968,2,0.154939682539683
2.30013809523809,2,0.300138095238094
2.54607777777778,2,0.546077777777778
2.07932380952381,2,0.0793238095238089
2.46057777777778,2,0.460577777777778
1.68370158730159,1,0.683701587301587
1.69180476190476,1,0.691804761904761
1.71027301587302,1,0.710273015873016
1.92837142857143,1,0.928371428571428
1.76156031746032,1,0.761560317460317
1.73767777777778,1,0.737677777777778
1.80894920634921,1,0.808949206349206
1.36171587301587,1,0.361715873015873
1.77263492063492,1,0.77263492063492
2.01658095238095,1,1.01658095238095
1.82963015873016,1,0.829630158730158
1.74597301587302,1,0.745973015873015
2.54352857142857,1,1.54352857142857
4.00349523809524,4,0.00349523809523866
3.76729365079365,4,-0.232706349206349
3.18926666666667,4,-0.810733333333332
3.81333968253968,4,-0.186660317460317
3.81460317460317,4,-0.185396825396826
2.30391428571428,4,-1.69608571428572
2.48363333333333,4,-1.51636666666667
3.43950158730159,4,-0.560498412698414
3.35896507936508,4,-0.641034920634921
3.44385396825397,4,-0.556146031746032
3.33922222222222,4,-0.660777777777777
1.5037746031746,1,0.503774603174603
1.75335714285714,1,0.753357142857142
1.35603650793651,1,0.356036507936508
1.22144603174603,1,0.221446031746032
1.67193650793651,1,0.671936507936507
3.13878888888889,3,0.138788888888889
2.99450476190476,3,-0.00549523809523844
3.03734761904762,3,0.037347619047619
2.88353968253968,3,-0.116460317460317
2.87614761904762,3,-0.12385238095238
2.94779365079365,3,-0.0522063492063478
2.40936984126984,3,-0.590630158730159
2.93575714285714,3,-0.0642428571428577
3.07754285714286,3,0.0775428571428569
2.98091111111111,3,-0.0190888888888896
3.12721746031746,3,0.12721746031746
3.72644444444444,3,0.726444444444443
2.86570158730159,3,-0.134298412698413
2.61467777777778,3,-0.385322222222222
3.05361428571429,3,0.0536142857142865
2.92453650793651,3,-0.0754634920634913
3.31805396825397,3,0.318053968253967
3.63881111111111,3,0.638811111111112
3.29357142857143,3,0.293571428571428
3.41946984126984,3,0.41946984126984
2.38725714285714,3,-0.612742857142857
3.64436031746032,3,0.644360317460317
2.85830476190476,3,-0.141695238095238
3.49527301587302,3,0.495273015873018
2.84173492063492,3,-0.15826507936508
3.46599047619048,3,0.465990476190476
3.42183015873016,3,0.42183015873016
3.24897619047619,3,0.248976190476192
2.61618253968254,3,-0.383817460317459
3.20145238095238,3,0.20145238095238
2.90584920634921,3,-0.0941507936507913
2.21417619047619,3,-0.785823809523811
